card_id,disp_id,type,issued
1005,9285,classic,93110700:00:00
104,588,classic,94011900:00:00
747,4915,classic,94020500:00:00
70,439,classic,94020800:00:00
577,3687,classic,94021500:00:00
377,2429,classic,94030300:00:00
721,4680,junior,94040500:00:00
437,2762,classic,94060100:00:00
188,1146,classic,94061900:00:00
13,87,classic,94062900:00:00
732,4763,classic,94072100:00:00
181,1066,classic,94081900:00:00
384,2475,junior,94091500:00:00
309,1946,classic,94091900:00:00
478,3084,classic,94100900:00:00
563,3589,classic,94102100:00:00
369,2363,classic,94110800:00:00
376,2428,classic,94111000:00:00
483,3115,classic,94112400:00:00
174,1039,junior,94120400:00:00
658,4251,classic,94122500:00:00
763,5138,junior,94123000:00:00
778,5275,classic,95010200:00:00
1039,9837,classic,95010700:00:00
477,3082,junior,95011600:00:00
168,1018,classic,95012400:00:00
314,1999,junior,95012700:00:00
468,3023,classic,95013000:00:00
208,1246,gold,95020800:00:00
766,5200,classic,95021100:00:00
464,2984,classic,95022100:00:00
497,3184,classic,95030300:00:00
166,999,classic,95030500:00:00
15,114,classic,95030500:00:00
503,3225,classic,95030800:00:00
1038,9787,junior,95033000:00:00
737,4791,classic,95041300:00:00
418,2623,classic,95041400:00:00
759,5117,junior,95041800:00:00
223,1353,classic,95041800:00:00
5,51,junior,95042400:00:00
159,946,classic,95050100:00:00
1223,13231,junior,95050200:00:00
662,4293,classic,95050900:00:00
779,5323,junior,95052100:00:00
1040,9890,junior,95052800:00:00
545,3458,classic,95053000:00:00
467,3019,classic,95060500:00:00
1247,13660,classic,95061300:00:00
652,4211,classic,95061600:00:00
559,3573,classic,95061700:00:00
719,4663,classic,95062400:00:00
397,2513,classic,95062400:00:00
107,593,classic,95062700:00:00
661,4270,classic,95070300:00:00
484,3116,classic,95070400:00:00
501,3197,classic,95070900:00:00
422,2650,junior,95071100:00:00
705,4555,classic,95071200:00:00
410,2569,classic,95072000:00:00
136,778,classic,95072800:00:00
592,3782,junior,95080700:00:00
262,1647,junior,95082400:00:00
18,128,classic,95082500:00:00
3,41,gold,95090300:00:00
98,537,classic,95090600:00:00
167,1011,classic,95091500:00:00
97,531,junior,95091900:00:00
699,4532,classic,95092600:00:00
342,2157,classic,95092700:00:00
713,4627,classic,95093000:00:00
118,652,classic,95102200:00:00
783,5433,junior,95102400:00:00
1103,11189,classic,95110400:00:00
504,3230,junior,95110600:00:00
261,1629,gold,95110900:00:00
296,1876,gold,95111300:00:00
113,629,junior,95111600:00:00
92,508,classic,95112000:00:00
1225,13268,classic,95112200:00:00
393,2498,junior,95120300:00:00
695,4507,classic,95121500:00:00
666,4328,junior,95122500:00:00
462,2978,classic,95123000:00:00
85,489,classic,95123100:00:00
337,2141,classic,96010100:00:00
771,5233,classic,96010800:00:00
379,2431,classic,96011200:00:00
106,592,classic,96011400:00:00
606,3883,classic,96012200:00:00
427,2688,gold,96012500:00:00
202,1228,classic,96020400:00:00
814,5911,classic,96021500:00:00
1064,10328,classic,96021700:00:00
14,112,classic,96021700:00:00
423,2657,classic,96021900:00:00
989,9119,classic,96022100:00:00
364,2329,classic,96022900:00:00
267,1691,junior,96030900:00:00
621,3970,junior,96031900:00:00
1139,11836,junior,96032600:00:00
725,4715,junior,96033000:00:00
150,859,classic,96033000:00:00
302,1900,classic,96033100:00:00
372,2395,classic,96033100:00:00
499,3187,classic,96040300:00:00
229,1384,classic,96040500:00:00
289,1831,junior,96040800:00:00
1100,11101,junior,96041000:00:00
37,238,classic,96042000:00:00
286,1812,gold,96042100:00:00
157,907,classic,96042400:00:00
216,1310,junior,96042400:00:00
977,8968,classic,96050800:00:00
183,1080,classic,96050800:00:00
945,8342,junior,96050900:00:00
44,268,junior,96051700:00:00
600,3829,classic,96052000:00:00
127,714,classic,96052300:00:00
764,5159,classic,96052900:00:00
204,1239,junior,96053000:00:00
1134,11742,classic,96053100:00:00
312,1971,classic,96060800:00:00
313,1980,classic,96061700:00:00
641,4116,classic,96061800:00:00
731,4751,classic,96062300:00:00
84,487,classic,96062600:00:00
265,1680,classic,96062800:00:00
1176,12502,gold,96070300:00:00
1233,13382,classic,96070600:00:00
407,2555,classic,96071100:00:00
320,2045,classic,96071100:00:00
1187,12635,gold,96071700:00:00
121,666,junior,96072200:00:00
1055,10171,classic,96072400:00:00
303,1912,classic,96080100:00:00
651,4201,junior,96080200:00:00
736,4789,classic,96080300:00:00
24,153,junior,96080500:00:00
587,3763,junior,96080500:00:00
119,655,classic,96080800:00:00
670,4343,classic,96080800:00:00
227,1380,classic,96081000:00:00
1164,12269,classic,96081200:00:00
1043,9974,junior,96081400:00:00
278,1779,classic,96081500:00:00
103,584,junior,96081700:00:00
673,4353,junior,96083100:00:00
38,242,classic,96083100:00:00
470,3036,classic,96090200:00:00
890,7422,classic,96090800:00:00
514,3267,classic,96091000:00:00
741,4832,classic,96091100:00:00
882,7195,classic,96091100:00:00
12,83,junior,96091100:00:00
152,876,classic,96091600:00:00
163,984,classic,96091800:00:00
708,4568,junior,96092400:00:00
1087,10887,classic,96100600:00:00
854,6753,classic,96100700:00:00
601,3830,classic,96100800:00:00
99,548,gold,96100900:00:00
547,3477,classic,96101100:00:00
40,255,classic,96101300:00:00
220,1333,classic,96101300:00:00
390,2490,classic,96101400:00:00
776,5263,classic,96101900:00:00
197,1202,junior,96102100:00:00
516,3279,classic,96102500:00:00
381,2440,classic,96102700:00:00
1010,9413,classic,96102700:00:00
813,5873,junior,96102800:00:00
272,1754,junior,96102800:00:00
772,5243,classic,96103000:00:00
528,3356,classic,96103100:00:00
1014,9452,classic,96110200:00:00
87,493,classic,96110200:00:00
88,496,classic,96110400:00:00
441,2785,classic,96110500:00:00
562,3583,classic,96110700:00:00
690,4479,classic,96110700:00:00
374,2423,classic,96110800:00:00
57,347,classic,96110900:00:00
722,4684,classic,96111400:00:00
300,1890,classic,96112000:00:00
117,649,junior,96112300:00:00
541,3427,junior,96112600:00:00
294,1861,classic,96120400:00:00
10,77,classic,96120700:00:00
710,4588,junior,96121000:00:00
408,2560,classic,96121000:00:00
363,2324,junior,96121100:00:00
697,4518,classic,96121100:00:00
433,2724,classic,96121200:00:00
642,4137,classic,96121300:00:00
243,1478,classic,96121300:00:00
162,967,junior,96122300:00:00
594,3794,junior,96122700:00:00
609,3893,classic,96122900:00:00
1111,11288,classic,96123100:00:00
786,5478,classic,96123100:00:00
1118,11393,classic,97010200:00:00
175,1040,classic,97010300:00:00
565,3601,gold,97010600:00:00
714,4638,classic,97010900:00:00
137,786,junior,97011000:00:00
22,138,classic,97011100:00:00
325,2102,classic,97011200:00:00
194,1182,classic,97011300:00:00
668,4340,classic,97011400:00:00
706,4559,gold,97011600:00:00
850,6644,classic,97011600:00:00
298,1885,classic,97011700:00:00
105,590,classic,97011700:00:00
1036,9735,classic,97011700:00:00
292,1842,gold,97011800:00:00
112,626,junior,97011900:00:00
678,4405,gold,97012000:00:00
1093,11011,classic,97012000:00:00
681,4426,classic,97012200:00:00
582,3733,classic,97012200:00:00
729,4740,junior,97012200:00:00
54,334,classic,97012400:00:00
258,1607,classic,97012600:00:00
534,3387,classic,97012900:00:00
667,4333,classic,97013100:00:00
195,1194,classic,97020300:00:00
199,1213,classic,97020700:00:00
490,3136,gold,97020700:00:00
347,2184,classic,97021100:00:00
210,1253,classic,97021600:00:00
293,1850,classic,97021700:00:00
189,1157,classic,97021900:00:00
324,2074,classic,97021900:00:00
578,3689,junior,97022100:00:00
266,1690,classic,97030400:00:00
568,3615,classic,97030500:00:00
171,1027,classic,97030500:00:00
679,4416,classic,97030600:00:00
841,6468,classic,97030600:00:00
513,3260,classic,97031500:00:00
647,4171,junior,97032100:00:00
665,4318,classic,97032400:00:00
400,2529,classic,97040600:00:00
617,3944,gold,97040900:00:00
709,4587,junior,97041100:00:00
387,2481,classic,97041800:00:00
226,1378,classic,97041800:00:00
350,2226,classic,97042000:00:00
539,3415,classic,97042300:00:00
583,3735,classic,97042400:00:00
576,3671,classic,97043000:00:00
232,1396,classic,97050100:00:00
730,4749,classic,97050200:00:00
616,3943,classic,97050500:00:00
564,3590,classic,97050600:00:00
82,474,classic,97050700:00:00
1173,12442,classic,97050800:00:00
426,2686,classic,97050900:00:00
791,5521,classic,97051200:00:00
572,3636,junior,97051600:00:00
375,2425,junior,97051700:00:00
69,438,classic,97051700:00:00
607,3885,classic,97051700:00:00
155,900,junior,97051700:00:00
275,1762,classic,97052000:00:00
847,6610,classic,97052000:00:00
399,2527,classic,97052200:00:00
305,1914,classic,97052300:00:00
430,2713,classic,97052600:00:00
349,2214,classic,97052600:00:00
256,1583,classic,97052600:00:00
50,309,classic,97052800:00:00
939,8217,junior,97052900:00:00
110,608,classic,97053100:00:00
184,1089,gold,97060300:00:00
90,503,classic,97060400:00:00
597,3813,junior,97060600:00:00
471,3037,classic,97060900:00:00
494,3173,classic,97061000:00:00
211,1271,classic,97061000:00:00
353,2259,classic,97061100:00:00
213,1289,gold,97061100:00:00
1009,9409,gold,97061400:00:00
297,1883,classic,97061500:00:00
801,5684,classic,97061500:00:00
748,4923,classic,97061600:00:00
133,742,classic,97061600:00:00
316,2013,classic,97061700:00:00
145,819,classic,97061700:00:00
270,1736,junior,97061700:00:00
1178,12542,classic,97061900:00:00
222,1345,classic,97061900:00:00
241,1461,classic,97062000:00:00
280,1793,classic,97062200:00:00
675,4376,classic,97062300:00:00
108,597,classic,97062500:00:00
1196,12805,classic,97062700:00:00
287,1819,junior,97062800:00:00
443,2808,classic,97062900:00:00
1138,11825,classic,97062900:00:00
733,4764,junior,97063000:00:00
311,1954,classic,97070100:00:00
120,662,classic,97070300:00:00
122,667,junior,97070300:00:00
476,3079,classic,97070600:00:00
781,5366,classic,97070700:00:00
588,3765,classic,97070800:00:00
403,2538,junior,97071200:00:00
139,797,classic,97071400:00:00
553,3522,classic,97071400:00:00
625,3987,classic,97071700:00:00
413,2592,junior,97072000:00:00
591,3779,classic,97072300:00:00
694,4504,classic,97072400:00:00
512,3259,classic,97072400:00:00
1095,11023,gold,97072800:00:00
1059,10235,classic,97072900:00:00
75,457,classic,97072900:00:00
383,2469,classic,97073000:00:00
115,638,classic,97073000:00:00
884,7286,gold,97073100:00:00
454,2921,classic,97080100:00:00
688,4472,classic,97080100:00:00
936,8030,classic,97080200:00:00
663,4295,classic,97080600:00:00
637,4094,junior,97080600:00:00
511,3257,junior,97080600:00:00
1220,13160,classic,97080800:00:00
628,4007,classic,97081100:00:00
718,4660,classic,97081200:00:00
238,1452,gold,97081700:00:00
546,3465,gold,97081900:00:00
660,4265,junior,97081900:00:00
491,3151,classic,97082100:00:00
140,798,classic,97082200:00:00
502,3201,classic,97082200:00:00
598,3821,classic,97082300:00:00
355,2267,classic,97082800:00:00
43,267,classic,97082900:00:00
610,3894,classic,97082900:00:00
182,1067,gold,97083100:00:00
41,256,classic,97083100:00:00
91,504,junior,97090100:00:00
252,1529,classic,97090200:00:00
495,3181,classic,97090200:00:00
259,1610,classic,97090500:00:00
187,1140,classic,97090700:00:00
185,1098,classic,97090700:00:00
1025,9625,classic,97090800:00:00
19,130,classic,97090900:00:00
431,2715,gold,97091200:00:00
356,2268,classic,97091300:00:00
767,5204,classic,97091400:00:00
537,3405,classic,97091500:00:00
703,4546,classic,97091700:00:00
671,4345,classic,97091700:00:00
896,7567,classic,97091800:00:00
343,2164,classic,97092100:00:00
279,1791,classic,97092100:00:00
622,3981,junior,97092200:00:00
612,3906,classic,97092200:00:00
206,1243,classic,97092200:00:00
190,1165,classic,97092300:00:00
1203,12893,classic,97092600:00:00
234,1424,classic,97092900:00:00
30,202,classic,97100100:00:00
327,2117,classic,97100300:00:00
49,305,classic,97100300:00:00
1115,11375,junior,97100300:00:00
698,4522,gold,97100700:00:00
874,7127,gold,97100700:00:00
247,1500,junior,97100800:00:00
656,4235,classic,97100800:00:00
436,2759,classic,97100900:00:00
124,688,classic,97101000:00:00
633,4078,classic,97101200:00:00
428,2698,classic,97101300:00:00
638,4100,gold,97101400:00:00
153,886,gold,97101900:00:00
596,3811,classic,97101900:00:00
664,4316,classic,97102200:00:00
251,1525,classic,97102300:00:00
552,3519,classic,97102500:00:00
9,76,classic,97102500:00:00
11,79,gold,97102500:00:00
650,4194,classic,97102600:00:00
59,365,classic,97102700:00:00
1016,9525,classic,97102800:00:00
359,2299,classic,97102900:00:00
438,2768,classic,97103000:00:00
94,513,classic,97110600:00:00
1056,10220,classic,97110600:00:00
273,1758,classic,97110700:00:00
947,8366,classic,97110800:00:00
93,510,classic,97110900:00:00
762,5132,classic,97111000:00:00
254,1578,classic,97111100:00:00
611,3896,classic,97111300:00:00
648,4188,classic,97111800:00:00
373,2401,classic,97111800:00:00
579,3699,classic,97111800:00:00
555,3544,classic,97111900:00:00
329,2122,gold,97111900:00:00
707,4560,classic,97112100:00:00
51,321,classic,97112100:00:00
382,2445,gold,97112200:00:00
472,3056,classic,97112400:00:00
237,1445,classic,97112500:00:00
1234,13386,classic,97112800:00:00
86,490,classic,97112800:00:00
540,3425,classic,97112900:00:00
493,3167,classic,97113000:00:00
532,3382,classic,97113000:00:00
590,3769,classic,97120200:00:00
942,8295,classic,97120200:00:00
33,221,junior,97120300:00:00
739,4821,classic,97120300:00:00
45,272,classic,97120500:00:00
25,158,classic,97120600:00:00
200,1220,gold,97120900:00:00
268,1707,gold,97121100:00:00
507,3245,classic,97121100:00:00
569,3616,classic,97121200:00:00
282,1799,gold,97121300:00:00
536,3404,classic,97121300:00:00
1022,9606,classic,97121300:00:00
1105,11237,classic,97121300:00:00
326,2104,classic,97121400:00:00
380,2434,classic,97121500:00:00
723,4699,classic,97121500:00:00
81,473,classic,97121700:00:00
521,3310,classic,97121700:00:00
608,3890,classic,97121700:00:00
589,3766,junior,97122000:00:00
281,1795,classic,97122200:00:00
891,7434,classic,97122300:00:00
774,5249,classic,97122500:00:00
566,3606,classic,97122500:00:00
575,3667,gold,97122500:00:00
154,887,classic,97122800:00:00
130,722,classic,97122900:00:00
434,2739,classic,97123000:00:00
83,483,classic,98010500:00:00
593,3787,junior,98010600:00:00
481,3102,junior,98010600:00:00
304,1913,classic,98010600:00:00
149,858,classic,98010700:00:00
659,4258,classic,98010800:00:00
517,3291,classic,98010900:00:00
368,2361,classic,98011000:00:00
482,3104,junior,98011300:00:00
689,4473,classic,98011500:00:00
557,3567,classic,98011700:00:00
897,7576,classic,98011800:00:00
803,5727,classic,98011900:00:00
401,2532,classic,98011900:00:00
760,5126,classic,98011900:00:00
274,1759,classic,98012100:00:00
28,174,junior,98012200:00:00
904,7672,classic,98012200:00:00
474,3066,junior,98012400:00:00
214,1292,classic,98012400:00:00
55,335,classic,98012500:00:00
340,2155,classic,98012500:00:00
724,4701,gold,98012700:00:00
67,429,junior,98012800:00:00
236,1440,junior,98012900:00:00
68,434,classic,98013100:00:00
348,2203,classic,98020200:00:00
65,414,classic,98020200:00:00
1239,13442,junior,98020200:00:00
165,996,junior,98020400:00:00
249,1517,classic,98020600:00:00
246,1492,classic,98020800:00:00
720,4674,junior,98020900:00:00
518,3292,gold,98021000:00:00
459,2958,gold,98021100:00:00
655,4231,classic,98021300:00:00
624,3985,junior,98021300:00:00
398,2522,classic,98021400:00:00
796,5579,classic,98022000:00:00
100,562,gold,98022100:00:00
574,3640,junior,98022300:00:00
360,2308,classic,98022400:00:00
391,2493,classic,98022400:00:00
283,1800,classic,98022500:00:00
726,4721,classic,98022600:00:00
132,731,junior,98022600:00:00
463,2982,classic,98022600:00:00
21,132,classic,98022600:00:00
529,3357,classic,98022700:00:00
946,8359,junior,98022800:00:00
419,2626,classic,98022800:00:00
248,1512,classic,98030100:00:00
215,1296,classic,98030200:00:00
225,1359,classic,98030300:00:00
643,4157,classic,98030400:00:00
844,6567,junior,98030400:00:00
672,4349,classic,98030700:00:00
276,1765,classic,98030700:00:00
1230,13312,classic,98030800:00:00
599,3824,gold,98030800:00:00
72,447,classic,98030900:00:00
1199,12826,classic,98030900:00:00
48,295,classic,98031000:00:00
58,358,classic,98031100:00:00
334,2133,classic,98031300:00:00
2,19,classic,98031300:00:00
228,1382,junior,98031500:00:00
244,1480,classic,98031600:00:00
1189,12683,classic,98031700:00:00
198,1211,junior,98031800:00:00
34,225,classic,98032000:00:00
535,3395,classic,98032200:00:00
269,1718,gold,98032200:00:00
515,3268,classic,98032300:00:00
290,1833,classic,98032400:00:00
315,2005,junior,98032400:00:00
784,5461,classic,98032400:00:00
63,378,junior,98032700:00:00
417,2619,classic,98033000:00:00
619,3958,classic,98040100:00:00
191,1168,junior,98040200:00:00
965,8636,classic,98040200:00:00
444,2815,gold,98040300:00:00
370,2374,classic,98040300:00:00
156,906,junior,98040700:00:00
492,3166,classic,98040900:00:00
52,326,gold,98041000:00:00
71,441,classic,98041100:00:00
775,5253,gold,98041100:00:00
330,2124,classic,98041100:00:00
510,3256,classic,98041300:00:00
170,1020,classic,98041600:00:00
338,2146,classic,98041600:00:00
755,5002,classic,98041600:00:00
451,2888,junior,98041600:00:00
263,1668,gold,98041700:00:00
602,3846,junior,98041800:00:00
498,3186,classic,98041800:00:00
933,7959,junior,98042100:00:00
89,497,classic,98042200:00:00
761,5128,gold,98042300:00:00
176,1049,classic,98042500:00:00
1102,11183,classic,98042500:00:00
109,605,classic,98042600:00:00
421,2644,classic,98042700:00:00
918,7796,classic,98042700:00:00
680,4417,classic,98042900:00:00
824,6196,classic,98042900:00:00
448,2864,classic,98042900:00:00
1194,12781,junior,98043000:00:00
331,2125,gold,98050100:00:00
734,4765,classic,98050100:00:00
235,1438,classic,98050200:00:00
284,1807,classic,98050700:00:00
412,2585,classic,98050900:00:00
64,402,classic,98051000:00:00
186,1133,gold,98051200:00:00
458,2951,gold,98051400:00:00
465,2995,classic,98051500:00:00
457,2948,junior,98051600:00:00
456,2929,classic,98051600:00:00
645,4166,classic,98051700:00:00
906,7683,gold,98051800:00:00
756,5012,classic,98051800:00:00
218,1322,classic,98051800:00:00
717,4654,classic,98051900:00:00
8,60,junior,98052000:00:00
700,4533,junior,98052200:00:00
757,5013,junior,98052200:00:00
126,707,classic,98052300:00:00
358,2287,junior,98052300:00:00
639,4112,classic,98052300:00:00
212,1280,classic,98052400:00:00
415,2609,classic,98052500:00:00
161,963,classic,98052500:00:00
207,1244,classic,98052500:00:00
1216,13097,classic,98052600:00:00
649,4190,classic,98052900:00:00
475,3075,gold,98053100:00:00
586,3756,classic,98053100:00:00
446,2841,classic,98060400:00:00
823,6178,classic,98060500:00:00
644,4165,classic,98060500:00:00
111,615,classic,98060500:00:00
469,3026,classic,98060700:00:00
17,127,classic,98060700:00:00
558,3568,classic,98060700:00:00
192,1169,classic,98060800:00:00
631,4061,junior,98060900:00:00
317,2015,classic,98061000:00:00
716,4651,junior,98061100:00:00
7,56,classic,98061100:00:00
863,6906,classic,98061200:00:00
123,679,classic,98061200:00:00
770,5232,classic,98061500:00:00
143,816,classic,98061500:00:00
785,5468,classic,98061600:00:00
646,4167,classic,98061700:00:00
160,954,classic,98061700:00:00
669,4341,classic,98061900:00:00
101,566,classic,98061900:00:00
332,2126,classic,98061900:00:00
362,2320,gold,98062100:00:00
173,1031,classic,98062100:00:00
16,116,classic,98062300:00:00
365,2332,classic,98062300:00:00
701,4534,classic,98062400:00:00
80,471,classic,98062500:00:00
831,6275,classic,98062900:00:00
354,2265,gold,98063000:00:00
250,1522,classic,98063000:00:00
142,810,classic,98070100:00:00
991,9149,junior,98070100:00:00
1192,12736,classic,98070200:00:00
738,4808,junior,98070200:00:00
627,3994,classic,98070500:00:00
696,4516,classic,98070500:00:00
260,1616,classic,98070500:00:00
768,5223,classic,98070600:00:00
233,1418,classic,98070700:00:00
450,2880,classic,98070700:00:00
440,2782,classic,98070700:00:00
301,1899,classic,98070700:00:00
485,3124,classic,98070800:00:00
567,3611,classic,98070800:00:00
66,425,classic,98070800:00:00
1002,9261,classic,98070900:00:00
453,2911,gold,98071200:00:00
277,1777,gold,98071200:00:00
571,3627,junior,98071300:00:00
687,4471,classic,98071400:00:00
640,4115,classic,98071400:00:00
39,254,classic,98071400:00:00
435,2740,classic,98071500:00:00
411,2572,classic,98071500:00:00
548,3501,classic,98071600:00:00
1167,12335,classic,98071800:00:00
727,4723,classic,98071900:00:00
603,3850,classic,98072000:00:00
496,3183,junior,98072100:00:00
73,451,junior,98072100:00:00
146,822,classic,98072300:00:00
439,2779,classic,98072300:00:00
613,3913,classic,98072300:00:00
323,2065,junior,98072400:00:00
623,3984,classic,98072500:00:00
530,3360,classic,98072500:00:00
396,2508,classic,98072600:00:00
1076,10604,gold,98072700:00:00
344,2168,classic,98072700:00:00
525,3337,classic,98072700:00:00
42,264,junior,98072800:00:00
740,4823,junior,98072800:00:00
780,5333,classic,98072900:00:00
509,3253,gold,98073000:00:00
308,1938,classic,98073000:00:00
618,3947,classic,98073100:00:00
209,1251,classic,98073100:00:00
1155,12088,classic,98080100:00:00
95,519,junior,98080100:00:00
833,6299,classic,98080100:00:00
319,2038,junior,98080200:00:00
795,5563,classic,98080200:00:00
508,3249,classic,98080300:00:00
78,468,classic,98080400:00:00
683,4437,classic,98080500:00:00
32,219,classic,98080600:00:00
550,3515,classic,98080800:00:00
1217,13098,junior,98080900:00:00
1003,9274,classic,98080900:00:00
179,1059,classic,98081000:00:00
169,1019,classic,98081000:00:00
221,1339,classic,98081000:00:00
684,4457,classic,98081100:00:00
77,466,classic,98081300:00:00
581,3721,classic,98081300:00:00
47,280,classic,98081300:00:00
386,2478,classic,98081400:00:00
346,2177,classic,98081400:00:00
406,2548,classic,98081600:00:00
951,8392,classic,98081600:00:00
519,3297,classic,98081600:00:00
321,2058,gold,98081600:00:00
128,716,classic,98081900:00:00
711,4592,classic,98081900:00:00
538,3414,gold,98082000:00:00
29,192,classic,98082000:00:00
834,6301,classic,98082100:00:00
461,2977,gold,98082100:00:00
239,1453,gold,98082400:00:00
395,2502,classic,98082400:00:00
531,3378,gold,98082400:00:00
1150,12020,classic,98082500:00:00
96,528,classic,98082600:00:00
367,2343,classic,98082700:00:00
1023,9621,classic,98083000:00:00
702,4543,classic,98083000:00:00
405,2542,classic,98083100:00:00
480,3092,classic,98090100:00:00
1098,11063,classic,98090100:00:00
79,469,classic,98090200:00:00
402,2536,classic,98090300:00:00
551,3517,classic,98090300:00:00
425,2662,junior,98090400:00:00
1195,12787,gold,98090400:00:00
1154,12070,classic,98090500:00:00
307,1930,gold,98090500:00:00
752,4944,junior,98090600:00:00
134,769,classic,98090700:00:00
285,1811,gold,98091000:00:00
544,3448,gold,98091000:00:00
526,3339,classic,98091000:00:00
352,2235,classic,98091100:00:00
328,2121,junior,98091200:00:00
26,161,classic,98091400:00:00
141,808,classic,98091500:00:00
151,861,classic,98091600:00:00
203,1231,classic,98091600:00:00
653,4212,classic,98091600:00:00
880,7186,classic,98091700:00:00
620,3959,classic,98091700:00:00
630,4019,classic,98091800:00:00
1188,12678,classic,98091900:00:00
389,2489,gold,98091900:00:00
1024,9622,classic,98092000:00:00
193,1179,gold,98092100:00:00
758,5016,classic,98092100:00:00
634,4081,junior,98092200:00:00
361,2312,classic,98092300:00:00
242,1473,classic,98092400:00:00
923,7855,classic,98092400:00:00
1007,9333,gold,98092500:00:00
520,3308,classic,98092500:00:00
629,4018,junior,98092500:00:00
335,2137,classic,98092500:00:00
414,2606,classic,98092600:00:00
36,236,classic,98092800:00:00
561,3581,gold,98092800:00:00
291,1836,classic,98092900:00:00
231,1390,junior,98092900:00:00
782,5376,classic,98092900:00:00
180,1062,classic,98092900:00:00
765,5175,classic,98092900:00:00
357,2277,junior,98092900:00:00
554,3535,classic,98092900:00:00
956,8502,classic,98093000:00:00
676,4380,classic,98093000:00:00
255,1579,gold,98100100:00:00
1193,12743,classic,98100100:00:00
416,2616,classic,98100100:00:00
585,3753,gold,98100100:00:00
744,4863,classic,98100200:00:00
23,146,classic,98100300:00:00
394,2501,classic,98100500:00:00
460,2971,classic,98100500:00:00
35,231,classic,98100700:00:00
447,2845,classic,98100700:00:00
264,1669,classic,98100700:00:00
245,1483,classic,98100800:00:00
505,3233,junior,98100900:00:00
336,2138,junior,98100900:00:00
366,2335,classic,98100900:00:00
533,3384,classic,98100900:00:00
288,1826,classic,98101000:00:00
754,4976,junior,98101000:00:00
116,646,classic,98101100:00:00
1035,9732,classic,98101100:00:00
682,4429,classic,98101100:00:00
792,5526,classic,98101100:00:00
385,2476,classic,98101200:00:00
53,333,classic,98101300:00:00
751,4941,junior,98101500:00:00
614,3938,junior,98101600:00:00
957,8506,junior,98101600:00:00
1,9,gold,98101600:00:00
743,4862,gold,98101800:00:00
61,374,classic,98101800:00:00
60,370,classic,98101800:00:00
74,453,classic,98101800:00:00
749,4929,classic,98101900:00:00
339,2154,classic,98101900:00:00
769,5224,classic,98102000:00:00
488,3134,gold,98102000:00:00
31,208,classic,98102100:00:00
542,3439,classic,98102200:00:00
750,4937,classic,98102400:00:00
855,6764,classic,98102400:00:00
299,1886,classic,98102500:00:00
158,928,gold,98102500:00:00
857,6789,junior,98102500:00:00
230,1388,gold,98102500:00:00
295,1864,classic,98102600:00:00
584,3751,classic,98102800:00:00
449,2865,classic,98102800:00:00
351,2232,classic,98110100:00:00
138,791,classic,98110200:00:00
524,3333,classic,98110200:00:00
693,4495,junior,98110300:00:00
604,3858,classic,98110400:00:00
746,4901,classic,98110400:00:00
333,2128,classic,98110400:00:00
129,719,classic,98110500:00:00
429,2709,classic,98110500:00:00
424,2659,classic,98110600:00:00
345,2175,classic,98110700:00:00
1165,12291,classic,98110800:00:00
1070,10490,junior,98110800:00:00
217,1316,classic,98110900:00:00
636,4091,junior,98110900:00:00
820,6039,classic,98111000:00:00
46,273,classic,98111000:00:00
742,4833,classic,98111000:00:00
404,2540,junior,98111200:00:00
102,575,classic,98111200:00:00
455,2924,classic,98111300:00:00
253,1536,gold,98111400:00:00
570,3620,classic,98111400:00:00
27,167,junior,98111500:00:00
580,3713,classic,98111600:00:00
409,2562,classic,98111600:00:00
205,1242,classic,98111600:00:00
773,5245,classic,98111800:00:00
487,3130,classic,98111800:00:00
177,1056,classic,98111900:00:00
632,4069,classic,98111900:00:00
445,2820,gold,98111900:00:00
1001,9247,classic,98112000:00:00
257,1589,classic,98112000:00:00
178,1057,classic,98112100:00:00
704,4553,gold,98112100:00:00
56,339,classic,98112200:00:00
148,834,classic,98112200:00:00
392,2496,classic,98112200:00:00
523,3319,junior,98112300:00:00
1175,12494,classic,98112400:00:00
466,2998,classic,98112500:00:00
500,3192,classic,98112600:00:00
4,42,classic,98112600:00:00
388,2488,junior,98112600:00:00
164,992,classic,98112900:00:00
489,3135,classic,98112900:00:00
626,3992,classic,98113000:00:00
1169,12354,classic,98113000:00:00
1137,11771,gold,98120100:00:00
677,4382,junior,98120100:00:00
20,131,classic,98120200:00:00
657,4246,junior,98120200:00:00
219,1329,classic,98120400:00:00
819,5978,gold,98120600:00:00
1177,12535,gold,98120600:00:00
341,2156,gold,98120600:00:00
692,4493,classic,98120800:00:00
715,4639,junior,98120800:00:00
131,725,classic,98120800:00:00
201,1223,classic,98120800:00:00
605,3874,classic,98121100:00:00
306,1929,classic,98121100:00:00
378,2430,classic,98121100:00:00
549,3504,classic,98121200:00:00
371,2388,gold,98121300:00:00
147,826,junior,98121300:00:00
527,3348,junior,98121400:00:00
172,1030,classic,98121400:00:00
886,7325,classic,98121500:00:00
479,3085,classic,98121600:00:00
691,4492,classic,98121600:00:00
560,3577,classic,98121700:00:00
452,2910,classic,98121900:00:00
506,3236,gold,98121900:00:00
735,4772,classic,98121900:00:00
654,4230,classic,98122100:00:00
196,1197,classic,98122200:00:00
473,3063,classic,98122200:00:00
829,6255,classic,98122200:00:00
310,1947,junior,98122300:00:00
76,464,classic,98122300:00:00
573,3638,classic,98122300:00:00
240,1459,classic,98122300:00:00
728,4725,classic,98122400:00:00
924,7862,classic,98122400:00:00
486,3128,gold,98122500:00:00
1081,10696,classic,98122500:00:00
753,4974,classic,98122500:00:00
442,2796,classic,98122600:00:00
125,694,gold,98122600:00:00
674,4360,classic,98122800:00:00
322,2063,classic,98122800:00:00
685,4467,classic,98122900:00:00
635,4083,classic,98122900:00:00
